UUID,X1,X2,X3,X4,X5,X6,X7,X8,X9,X10,X11,X12,LANGUAGE
"388b8e0c-a7b7-4230-9817-0dc7179a850e,""1,883758513"",""2,704247081"",""-0,9516956292"",""6,649428133"",""-9,468328944"",""8,848754885"",""-8,221542304"",""6,893254889"",""0,1302562481"",""-2,330361604"",""1,116558299"",""-4,026056589"",FALSE"
"7955456f-e25a-41a6-a79f-89e883a986bd,""3,787053626"",""-0,9614300064"",""-1,025479792"",""7,711923345"",""-10,58344326"",""8,573902026"",""-9,11810109"",""1,020233883"",""0,03886604605"",""-5,260792097"",""0,4077958026"",""0,2275880313"",FALSE"
"7bcfc694-65a6-4747-b177-f5468e7719a2,""3,181085267"",""-2,870762941"",""0,4014583553"",""9,2933816"",""-6,215011687"",""6,677004043"",""-9,475557724"",""7,796534377"",""-2,083039253"",""-10,56703912"",""4,982342982"",""-1,562411785"",FALSE"
"4c4684b6-cb2b-4eb7-9a09-5de519731b39,""-1,114959276"",""0,0101916961"",""0,3002363725"",""8,792059405"",""-3,106896669"",""11,65110432"",""-9,967622427"",""7,048895353"",""-0,6636846399"",""-1,048662737"",""3,981389798"",""-5,172704084"",FALSE"
"5785f7f3-fafd-4712-bf39-bd240a85b63e,""3,351775006"",""-4,94108279"",""4,883644052"",""8,921826976"",""-9,499665179"",""8,603317506"",""-10,35193646"",""5,430497609"",""-1,86147581"",""-2,847879685"",""2,569424344"",""-5,344379617"",FALSE"
"f55b8b71-7819-4c76-beeb-a9a87c45a90f,""5,385046639"",""-11,48362829"",""8,342379317"",""5,159618308"",""-9,797843015"",""9,70683924"",""-12,97658686"",""5,550710426"",""-2,156447397"",""-2,721450835"",""3,412069687"",""-6,087524707"",FALSE"
"b911f2bc-c8d4-4881-af3d-96be3efa1c10,""1,945426682"",""-3,540712816"",""2,539823005"",""6,418167874"",""-5,043785414"",""11,46870432"",""-9,306622169"",""6,010699347"",""0,510748837"",""-1,173176797"",""4,020204256"",""-5,790278258"",FALSE"
"f505d746-16d3-4a8b-8631-c6f998b66759,""-0,458483124"",""-0,8117471811"",""-3,077295015"",""5,904791006"",""-6,851303646"",""8,417828006"",""-8,788095253"",""4,622653729"",""-0,977713928"",""-2,069652759"",""2,230093683"",""-5,591354966"",FALSE"
"e59f262a-bbc9-4420-b414-caeaea1aa4df,""-6,067831148"",""-0,1122947189"",""-2,82516797"",""7,323830634"",""-0,1658936238"",""8,002682685"",""-10,83444599"",""6,497173674"",""-4,820864784"",""-5,696157255"",""4,258179626"",""-2,770910943"",FALSE"
"44c4d95b-4e51-4138-a1cc-b82cb9b8032b,""-3,995852233"",""0,9441836339"",""-0,4028385375"",""9,502629061"",""-2,46296659"",""10,73443373"",""-9,788837483"",""6,228163982"",""-0,2005934313"",""0,7072085974"",""3,513096283"",""-2,793769597"",FALSE"
"b2056461-7118-4d21-8529-c4435404f931,""9,442768281"",""-8,859284092"",""7,370241248"",""10,45341514"",""-6,54490026"",""14,15798986"",""-8,825734216"",""6,0075906"",""0,4977940718"",""-3,69717018"",""4,437547008"",""-5,309076679"",FALSE"
"e6057ef3-29bd-4f2b-ba56-e347dafe3a01,""11,01036733"",""-7,384442995"",""1,917492933"",""14,13785699"",""-7,562775597"",""8,674801716"",""-7,466132772"",""6,909112015"",""1,764771717"",""-3,516485101"",""8,48525642"",""-7,841632552"",FALSE"
"d85a0a4f-6122-4b02-ad4a-0fb84cfb68c5,""5,777123369"",""1,749341283"",""1,844065562"",""11,29798315"",""-9,90638936"",""7,948936064"",""-8,283450562"",""2,659755826"",""0,1521724141"",""-3,897264563"",""-0,9145255681"",""-2,923871557"",FALSE"
"122b1f5f-0f37-4c81-871e-0a5da0e57061,""10,17641645"",""-8,272812901"",""5,810419117"",""7,394713264"",""-11,58612727"",""10,05114236"",""-7,989370048"",""9,567757171"",""-3,167443622"",""-11,42917794"",""7,31659197"",""-2,582566227"",FALSE"
"5dccf2c5-af71-476d-bb61-439e65b4393e,""4,211952087"",""-9,878729801"",""3,830420282"",""7,723082086"",""-7,358777374"",""9,42407229"",""-10,01352578"",""4,242593615"",""1,551910677"",""-0,9417381026"",""1,649726387"",""-5,580435876"",FALSE"
"98319e76-9f6e-404e-9ba7-6dca137f35e6,""4,095690171"",""-4,969491963"",""4,013537056"",""9,329499054"",""-3,987953361"",""13,81596102"",""-12,6239124"",""5,175934117"",""-0,1692778231"",""-2,175328332"",""5,18036472"",""-6,636019997"",FALSE"
"b0cc2aef-aff3-4acd-a9c2-779d7e3a24e6,""1,587481699"",""0,00546117249"",""-1,373702161"",""2,167980607"",""-11,6280418"",""11,47425419"",""-7,998089002"",""5,759850894"",""-0,7332382278"",""-3,075857588"",""3,092658991"",""-1,522618369"",FALSE"
"b27dc3ac-1672-4f94-b523-3c304c5d060b,""-2,020461035"",""1,111297927"",""-2,10706389"",""6,896539019"",""-3,377758586"",""10,68433352"",""-10,48957333"",""5,184497293"",""-2,244897388"",""-1,704590167"",""3,565677998"",""-2,529994264"",FALSE"
"196fb6f8-4177-487a-9d13-af16e808e2d1,""2,065603238"",""-2,825503638"",""-0,8417360467"",""8,050973782"",""-3,925179876"",""7,809343814"",""-9,710398835"",""7,119289477"",""-0,5379871048"",""-9,266219422"",""4,257340438"",""-0,7860788993"",FALSE"
"a52c1668-a82b-490b-9035-32f920ab5cdf,""-3,763313384"",""-2,390785493"",""1,255305835"",""3,707946866"",""-2,490522508"",""11,27478414"",""-11,63149429"",""3,267752883"",""-1,624154697"",""-1,176987866"",""3,384410771"",""-4,535772104"",FALSE"
"18afc104-9229-400f-a959-954d180c22a4,""5,83684251"",""-5,32655675"",""7,472264712"",""8,847439795"",""-6,773244436"",""12,6772177"",""-12,3150607"",""4,41634401"",""0,1934998597"",""-3,6448119"",""2,151238617"",""-6,816309769"",FALSE"
"d8c188c8-c1d9-492b-a55a-7ba702c8cdcd,""2,356540509"",""-1,836459129"",""1,542366468"",""6,131899138"",""-6,831272563"",""11,34020622"",""-10,44820984"",""5,141914574"",""-0,9352255297"",""-1,467817413"",""4,231722077"",""-3,582374123"",FALSE"
"c9ef311a-4273-469b-9973-28fa7a510918,""-2,595752985"",""-2,466704511"",""0,4209449759"",""5,337807103"",""-5,523455668"",""9,905345476"",""-10,12439536"",""4,748501553"",""-0,09000010127"",""-1,663290338"",""-0,500254214"",""-5,029416432"",FALSE"
"0306e444-b758-4e48-97b3-ee092334f1e9,""-1,529187621"",""-2,789115004"",""-1,092792159"",""8,965877151"",""0,6907528254"",""8,436338434"",""-11,71427292"",""6,222309803"",""-1,634818295"",""-6,987455915"",""4,964214431"",""-3,589897187"",FALSE"
"babbdd11-1d15-4bc5-9bd3-04a88f699e2b,""-2,339694835"",""0,9653673603"",""2,792281456"",""1,199950968"",""-9,312005607"",""7,929752387"",""-10,13281459"",""6,77193928"",""-3,664477509"",""-2,816512389"",""1,677631044"",""-4,82632351"",FALSE"
"550dcc3d-7846-4eee-b192-4da607e8d408,""2,438052094"",""-6,937715068"",""0,684190319"",""8,328181151"",""-5,870123335"",""9,33186569"",""-9,38016983"",""3,408206768"",""0,7857901618"",""-2,380700132"",""2,329838062"",""-5,334672624"",FALSE"
"9423a1e2-8d60-4ce2-bd9c-37dd9b61bc82,""7,431262138"",""-3,711099926"",""-0,3601679202"",""3,869133667"",""-8,228539238"",""10,6361917"",""-13,48268633"",""4,417115019"",""0,6228081266"",""-1,434303876"",""5,317209219"",""-8,697709238"",FALSE"
"19c6c24d-a20a-4f27-bd3d-1168655219d1,""12,28075786"",""-2,437558361"",""3,175933842"",""13,47360137"",""-9,478259535"",""9,743755166"",""-8,100078238"",""9,033167953"",""3,866758554"",""-8,987370455"",""3,850405014"",""-2,702633064"",FALSE"
"9f328996-879d-4bcd-8528-32c66355ff71,""4,025682718"",""0,3563522367"",""2,123902851"",""2,671278182"",""-7,138005892"",""11,89370544"",""-11,24310588"",""8,075579894"",""-0,2435726807"",""-4,710040002"",""4,184636441"",""-5,677876022"",FALSE"
"7cd97725-740e-4f17-a141-0d533a1df5e7,""4,390234019"",""-6,965210981"",""-1,536326605"",""2,746428954"",""-9,678738591"",""9,69945639"",""-9,576293561"",""6,126824515"",""-2,747451802"",""-1,237191464"",""5,298370078"",""-3,869570079"",FALSE"
"780375eb-466f-4620-b125-15f9302a2ddc,""14,79696134"",""-4,550371507"",""1,193711713"",""11,27737214"",""-11,59730507"",""11,49654396"",""-8,326996818"",""4,807786275"",""3,431619637"",""-9,100934536"",""5,738491167"",""1,079621711"",FALSE"
"6a9c6ebe-1010-434c-81fa-c5e6834683cc,""1,540149056"",""-7,160007332"",""3,778772574"",""6,718809975"",""-9,347319757"",""8,090564436"",""-11,77547307"",""3,11817182"",""-0,3573298588"",""-4,251421169"",""-0,9373704834"",""-5,712351473"",FALSE"
"d982fea5-3063-451f-be9c-76d6c10db67f,""11,43662544"",""-1,856187959"",""1,522481575"",""13,45152246"",""-4,532381323"",""14,8510002"",""-6,921417069"",""5,705517149"",""2,153224209"",""-6,030018593"",""4,674468334"",""-5,719119194"",FALSE"
"28cf754f-55f5-4ee7-9514-8659effffe4f,""6,754668731"",""-4,621568683"",""10,17262463"",""14,31193773"",""-7,485512229"",""10,12609919"",""-12,33540282"",""5,022380124"",""-0,4545468155"",""-9,487128666"",""1,313203374"",""-3,971761851"",FALSE"
"110e9d03-472d-499d-af25-7030b8570e82,""4,296572005"",""-0,4587977455"",""-0,04884880497"",""6,01817045"",""-8,964382021"",""11,69694907"",""-7,793669977"",""4,374992522"",""-1,390764683"",""-4,350247385"",""2,274858832"",""-4,059551038"",FALSE"
"8d7e7c84-3141-4133-9318-e106a012f02f,""11,9270535"",""-10,77345984"",""6,575887794"",""8,153576338"",""-5,505326052"",""14,29597123"",""-11,39687928"",""4,593266322"",""0,0007014261895"",""-5,430001601"",""4,872316036"",""-7,151153542"",FALSE"
"fa4addfb-59f0-4583-8b41-d39dd691719b,""1,467842414"",""-1,744846937"",""-2,250642761"",""12,38932639"",""-0,8058816461"",""7,391663959"",""-10,84301932"",""5,400014095"",""-1,193481628"",""-8,291843621"",""3,326060591"",""-3,761010046"",FALSE"
"5f207c5b-e7ee-4dab-8806-5bf5553f192a,""7,018886056"",""-2,597246292"",""1,883076298"",""6,000780719"",""-6,047508736"",""12,57361232"",""-10,78558823"",""4,497040612"",""0,5894803676"",""-2,021052745"",""2,64661345"",""-4,738374453"",FALSE"
"6665ebd4-8e0a-4b42-974b-9e1acf881d55,""3,964749123"",""-2,130905219"",""1,659676603"",""8,814153287"",""-5,255411932"",""11,78436046"",""-9,49675786"",""4,809716347"",""-1,100692728"",""-3,878145718"",""2,410176981"",""-6,568622966"",FALSE"
"44c45c8a-6e68-42f8-b53b-b7e2da12747d,""1,684177637"",""-1,653604422"",""-0,4651587461"",""11,94236652"",""1,411211149"",""10,78648225"",""-11,83992433"",""4,702556601"",""0,3449641987"",""-8,151718658"",""3,439473649"",""-1,75114492"",FALSE"
"ef76a91a-00af-4504-8793-bf21e4d37abf,""2,286984206"",""-4,90734954"",""-1,129505208"",""2,713912021"",""-10,9521398"",""6,361657821"",""-9,913077375"",""4,68502312"",""-2,791460256"",""-2,026998387"",""6,082869664"",""-4,8145108"",FALSE"
"199e39db-84b9-4d7c-aa99-fca5f4bc1034,""4,987784111"",""-3,340092712"",""-0,77006053"",""6,482683112"",""-7,409282868"",""11,84920228"",""-9,012072441"",""3,406548586"",""-1,187046813"",""-3,605991991"",""4,321283642"",""-3,017101754"",FALSE"
"6d0b72fa-1863-42b0-8040-7591f6bc50e0,""7,350161291"",""-3,491528846"",""2,482493138"",""6,179831975"",""-7,262913611"",""11,84757495"",""-10,32784525"",""4,184916482"",""0,2891495024"",""-4,383235928"",""5,080411666"",""-4,758753697"",FALSE"
"50325459-1e86-4145-9a5c-b4142772288e,""4,300412688"",""-4,493086355"",""-1,164146084"",""9,914117668"",""-6,924050355"",""9,733888859"",""-8,321594489"",""3,439366367"",""0,1328504283"",""-2,573591204"",""2,511256212"",""-5,500150842"",FALSE"
"bd99f750-856c-492f-b4ba-1a78265bb297,""0,6964526416"",""-3,499187561"",""1,60366017"",""4,68950259"",""-8,448121366"",""10,87644186"",""-10,62347913"",""2,485637086"",""-1,689225684"",""-2,142529673"",""1,754174304"",""-4,477096264"",FALSE"
"fc8b1fe4-95e4-49fd-bbfa-23e88867c1fd,""0,0471636934"",""-5,26234052"",""1,059921794"",""7,630676207"",""-6,023054746"",""9,430772785"",""-10,59365851"",""4,900895939"",""-0,7494613997"",""-2,568095471"",""1,309710302"",""-5,941408941"",FALSE"
"d7d7f481-7ba5-44be-8f30-24dd14fafda7,""6,744082664"",""-5,688920291"",""6,546788659"",""9,000183182"",""-6,924963401"",""11,71076571"",""-12,37438845"",""6,169878859"",""-0,5447466544"",""-6,019237001"",""1,358559495"",""-6,356441308"",FALSE"
"f5d7ffc5-f6ff-43ec-8104-dab48abe1396,""7,59876258"",""-9,123251714"",""8,857363274"",""10,44062053"",""-8,513083827"",""12,14017858"",""-14,73947992"",""4,682151714"",""1,213756947"",""-5,518448346"",""2,276325314"",""-4,331024204"",FALSE"
"963bf5eb-a32c-4e33-ac06-93819b26d5f3,""11,50189666"",""-3,713863703"",""2,568384295"",""11,51731037"",""-6,786669582"",""12,31491126"",""-6,956871318"",""7,220047649"",""1,100496924"",""-5,308383026"",""6,033535679"",""-7,438233889"",FALSE"
"c0608387-bf63-4933-a955-9efcf3e31848,""2,495829768"",""-1,875598442"",""1,982668698"",""6,652936036"",""-6,108521101"",""12,4220835"",""-9,261299615"",""5,136994708"",""-0,1086263045"",""-1,123193233"",""3,367769742"",""-1,504671832"",FALSE"
"d12dd54a-7d26-4630-a57d-e1112c292fb6,""4,240615386"",""-0,09444714329"",""-1,364827182"",""4,950463994"",""-6,543753546"",""9,743853929"",""-12,28601243"",""4,815465535"",""-0,1276336033"",""-1,968142527"",""4,127581587"",""-7,771468486"",FALSE"
"9625c832-b65a-4188-b170-d27ae76dd220,""15,19571718"",""-6,538509612"",""0,8648290936"",""15,1674211"",""-8,624122211"",""11,05379492"",""-6,124841488"",""4,914569027"",""0,5966623089"",""-7,389290302"",""5,953790016"",""-7,215542904"",FALSE"
"f9d6567f-439c-48f6-bb6e-9b6d4d3afd1e,""1,515896644"",""-2,529147812"",""-1,427271632"",""4,588245432"",""-8,664691641"",""7,338897329"",""-9,540743806"",""4,701700339"",""-3,07761136"",""-0,8444683669"",""4,992310162"",""-3,61218916"",FALSE"
"46e192e9-e4d9-463f-b15b-f79f529b4071,""4,090749262"",""-1,395089114"",""0,9649129701"",""9,469581686"",""-2,93836009"",""8,59856883"",""-11,25791498"",""8,922759852"",""-1,059103017"",""-9,364359501"",""6,666935066"",""-4,087327112"",FALSE"
"eef41d60-66fb-4ecb-b720-047e3ee882bf,""3,810948373"",""-8,979283064"",""5,738310368"",""5,517570265"",""-6,82562967"",""11,06354727"",""-10,02662842"",""5,144971475"",""-2,098345326"",""-2,065396453"",""3,70907884"",""-8,235717551"",FALSE"
"79cddfe8-68b9-491e-a600-2016ca6dc21f,""5,001142984"",""-4,331843666"",""4,761263529"",""4,156639323"",""-11,01575979"",""10,55865031"",""-10,96935057"",""4,259904078"",""-0,7986649451"",""-5,808902147"",""-1,386995841"",""-3,862958837"",FALSE"
"8666acc0-4c40-44b9-bbbf-b0fb97e99c05,""1,699452868"",""0,6476707251"",""1,332151707"",""3,542160582"",""-4,320318217"",""10,5817737"",""-14,03027977"",""6,819567761"",""-1,747805227"",""-3,300515584"",""5,209369218"",""-6,946679205"",FALSE"
"8fc6af66-99cf-43d4-8a2a-b141fc06e993,""-1,272037565"",""0,6482135442"",""1,390983109"",""5,554590639"",""-7,985096193"",""7,935629514"",""-8,823007527"",""6,829016343"",""-1,705321976"",""-1,036783403"",""2,68025282"",""-6,399650155"",FALSE"
"916bd676-e326-4037-b937-3b9c31560383,""13,16595188"",""-6,29188314"",""-0,2131782249"",""10,12916494"",""-12,90884213"",""9,139080857"",""-3,884775342"",""5,614089213"",""0,5614191495"",""-7,235564554"",""2,251629618"",""-8,734724822"",FALSE"
"9325dbf8-139f-4ec5-8df6-6560f5ca842d,""0,9068460478"",""1,369896791"",""-1,775439056"",""8,23509674"",""-5,219311478"",""12,4140688"",""-7,739050122"",""6,459635324"",""-0,3140503826"",""-1,226397369"",""2,3118291"",""-4,506858667"",FALSE"
"309c4365-f0c2-4629-a004-0d1363c27287,""6,131590791"",""-1,172269637"",""1,286914349"",""3,771093956"",""-7,465849013"",""12,57995697"",""-12,47272365"",""5,511718188"",""0,6260192328"",""-3,145062129"",""5,371699085"",""-6,158564725"",FALSE"
"f322e8cc-148a-44ce-9925-294d8bbf53ec,""9,985760003"",""-8,976570322"",""6,122981616"",""8,83298204"",""-7,740966474"",""14,27208206"",""-6,838789782"",""8,255204942"",""1,913148239"",""-4,204403972"",""3,748035892"",""-5,382515907"",FALSE"
"bdc22d23-4ced-4854-9dfd-d90e6ecec89d,""2,693463775"",""-5,05270966"",""3,021025813"",""6,262163585"",""-9,998748756"",""8,518217327"",""-11,35802837"",""1,47044273"",""1,310129759"",""-3,642371298"",""-0,8394155997"",""0,4634078291"",FALSE"
"619f6f41-4aae-4402-8c10-62ca7ea40d9b,""-0,6046829018"",""-6,917134867"",""5,041063336"",""9,041541032"",""-6,151565903"",""8,941550268"",""-8,98887147"",""6,992821393"",""0,9174997339"",""-3,362390594"",""0,3116812018"",""-7,100990617"",FALSE"
"4d4be85f-8d19-4aba-8ad4-167482e472a2,""1,872594132"",""-0,640211135"",""-2,492334624"",""6,50827808"",""-8,297240455"",""7,463313731"",""-8,754409365"",""6,250665052"",""-0,9253176908"",""-7,181445989"",""3,810328687"",""0,9107145019"",FALSE"
"4793db9e-0f46-4a90-80c0-6bd55f061a04,""-0,4150368595"",""-6,032414789"",""3,089097449"",""3,658781697"",""-6,605593873"",""11,28663807"",""-12,27464768"",""4,609877111"",""-1,257864021"",""-3,036235941"",""1,270443062"",""-4,884416906"",FALSE"
"d28429db-ce2a-43a8-9dea-6183bf3ffb21,""5,213084669"",""-8,050842103"",""3,173941183"",""8,019951897"",""-7,033890874"",""10,34743321"",""-11,5420849"",""3,360068049"",""1,265037357"",""-2,32165884"",""0,8217994019"",""-6,95201228"",FALSE"
"fb8c04f5-b0bb-4c27-b671-d5dd455c7ba0,""6,121155739"",""-2,935378785"",""0,005307308308"",""6,866386938"",""-6,244676727"",""12,76751208"",""-10,15221493"",""4,508178114"",""0,718448882"",""-3,398219041"",""3,101450606"",""-2,967535269"",FALSE"
"a3657ca4-ef36-464e-9a85-769ba8135fd1,""10,55706119"",""-7,303096551"",""0,008079560554"",""13,65331127"",""-4,463308083"",""12,46409982"",""-9,815876749"",""1,873557415"",""-1,345833719"",""-8,634074911"",""5,302515306"",""-5,30560019"",FALSE"
"a1c15145-425a-414f-817b-b3881f187136,""0,156075709"",""-1,205436337"",""-0,3712426122"",""5,216924938"",""-4,399390907"",""10,50432593"",""-9,745647272"",""6,660797126"",""-1,749082182"",""-3,327718037"",""5,752471494"",""-3,106893644"",FALSE"
"bd8b08ac-ae7c-4795-9c35-76e22e467baf,""2,462373301"",""-0,4019844166"",""-1,31542001"",""7,096387386"",""-9,708779021"",""7,501631099"",""-9,610043522"",""2,721599397"",""0,6083309048"",""-4,751264444"",""0,5836452218"",""-1,787141287"",FALSE"
"57eb9f2d-7861-4b28-9561-73ccc50b72c2,""-0,7916208395"",""1,303787654"",""-1,791228532"",""6,227354548"",""-9,602931267"",""8,602847859"",""-7,727415404"",""6,436677136"",""-0,05518695881"",""0,4865297858"",""1,698109685"",""-1,761527882"",FALSE"
"88b4f004-b95c-4bbf-a7e3-ebd501485790,""10,98296717"",""-5,15744505"",""3,952060221"",""11,52938113"",""-7,638046692"",""12,13609782"",""-12,03624732"",""3,491942786"",""0,5954407524"",""-4,508810994"",""2,33214701"",""-6,221857412"",FALSE"
"1fb50018-3a55-4201-9471-a4e805f578e5,""7,031558421"",""-0,06682828706"",""-0,5913584487"",""8,533170079"",""-5,898010452"",""11,15217174"",""-9,896878613"",""4,691168187"",""1,346867849"",""-0,4486759006"",""1,419259325"",""-5,570353549"",FALSE"
"9532c38a-3681-48b6-b589-d2d402741b8f,""2,718099391"",""-5,837985576"",""3,822593711"",""7,221968579"",""-10,13306717"",""9,329622688"",""-12,26320115"",""1,704656635"",""0,1703108189"",""-3,803533006"",""-0,682318298"",""-2,361943037"",FALSE"
"d843398c-69eb-4e1e-b257-03a2c907e583,""0,2659260281"",""-2,626205284"",""0,6074829202"",""1,6891424"",""-9,649365426"",""8,153231418"",""-10,02829758"",""5,254551539"",""-1,131937805"",""-1,301839829"",""2,05594212"",""-3,282467872"",FALSE"
"83d6cf05-fd83-4bfb-a0c9-be6cb460c5f0,""9,607115023"",""-5,856413871"",""6,804577861"",""13,31806825"",""-8,356424377"",""9,999290173"",""-13,64958749"",""3,190674125"",""1,093630441"",""-8,628708685"",""0,9039104688"",""-3,572472101"",FALSE"
"bf66d806-a566-435c-8771-c2af8c9ab55c,""4,879428796"",""-2,784060935"",""2,087430764"",""9,667524503"",""-7,818005973"",""10,90427872"",""-9,695465818"",""3,601829379"",""0,8510310942"",""-4,24802522"",""1,307767945"",""-6,08056243"",FALSE"
"14770304-2531-415b-99af-acc909d91faa,""7,827108364"",""-5,477471938"",""7,816257284"",""9,187591834"",""-7,172510589"",""11,71529939"",""-13,84721376"",""4,574074827"",""-1,687559286"",""-7,204040594"",""-0,01184690283"",""-6,46314403"",FALSE"
"54a35567-72e0-4f06-bc56-89b175b56724,""9,803576775"",""-4,485605171"",""9,092753483"",""12,23694006"",""-9,27652351"",""9,972296239"",""-14,0033464"",""6,099329437"",""-0,4208917124"",""-9,935105765"",""2,556850703"",""-5,88719697"",FALSE"
"dab458ca-95d4-476b-8ae2-ed6e84303514,""0,7004059623"",""0,5487883529"",""0,3595786862"",""5,88278622"",""-5,046088799"",""11,6494333"",""-11,34622738"",""7,679066188"",""-1,58089667"",""-3,713498205"",""4,37193761"",""-5,113578794"",FALSE"
"517fa98f-5fa5-4705-8ae0-b6e17fa04480,""3,953725172"",""-1,361076148"",""1,206743359"",""13,94410667"",""-0,06808237117"",""9,046642967"",""-9,754246537"",""9,073108786"",""0,3308796692"",""-9,084999448"",""5,513776548"",""-4,71633144"",FALSE"
"a15c8a0c-4a11-4d05-9368-c4153fca369f,""3,239860817"",""-2,494602889"",""2,120337362"",""7,515237469"",""-4,825250495"",""13,63784978"",""-9,382526169"",""5,280039955"",""-0,7003772292"",""-2,043679741"",""4,37617712"",""-1,797158495"",FALSE"
"f654d79a-3ff2-4952-b731-20865ca3f6f5,""10,14880449"",""-3,633410782"",""5,470404803"",""11,26407945"",""-6,624554949"",""12,2517509"",""-12,34663389"",""6,73482272"",""1,264492698"",""-6,930236071"",""2,982636253"",""-5,512446989"",FALSE"
"5784ef38-b17b-452c-bcde-9cadbe2ab71c,""8,122276657"",""-9,263559926"",""4,955378865"",""12,58082111"",""-6,228106819"",""14,06842167"",""-7,87250108"",""7,151342104"",""0,8021419595"",""-4,357339828"",""3,34217851"",""-6,660246088"",FALSE"
"994defc3-2672-433a-a840-599a1aff2aab,""-0,7187437455"",""0,8271856137"",""-1,639385469"",""7,281519363"",""-3,61413106"",""11,56263032"",""-10,30514257"",""6,611683138"",""-0,8430886949"",""-0,888523684"",""4,410074606"",""-4,401425675"",FALSE"
"46f30a00-895f-4d58-9e67-0aa002ef4455,""3,311591122"",""0,1340054042"",""-0,1528981439"",""7,560210667"",""-10,57777999"",""6,859595987"",""-10,02755769"",""2,0500116"",""-0,6804829917"",""-2,611351488"",""0,4228362037"",""-2,917880683"",FALSE"
"accface1-ee4e-442e-91bc-35ddcee9eb4b,""2,887828582"",""0,1020679943"",""1,894939034"",""5,10668304"",""-9,698305552"",""7,355213622"",""-9,481574866"",""8,663068851"",""-1,222045947"",""-3,036471811"",""1,558038851"",""-6,007906942"",FALSE"
"ab673c39-aaf1-4da0-88db-1ee45a9358ed,""5,603785763"",""-11,02402679"",""6,383605496"",""2,725598754"",""-8,731318375"",""12,23262393"",""-8,59581733"",""4,014853666"",""-3,508426057"",""-4,050158723"",""5,368020807"",""-3,716240589"",FALSE"
"1c86cba4-5c59-4d73-99bc-fa93f2b8d0f5,""2,914936633"",""-4,191263843"",""3,497828545"",""10,37483117"",""-6,313394166"",""10,03289017"",""-10,61860405"",""4,823222553"",""1,174930143"",""-3,979058562"",""1,87673818"",""-4,466674653"",FALSE"
"af835a6b-0b50-49d3-bcaf-389bcc35db6f,""5,648965904"",""-3,18693233"",""-0,1395208149"",""-0,7252399083"",""-7,26202055"",""11,69368781"",""-12,76716873"",""8,613491049"",""-0,3621612424"",""-3,459027423"",""5,874194519"",""-5,873320569"",FALSE"
"baac21f3-9ae7-49f2-a035-b83f6e14449f,""13,63327525"",""-8,480930031"",""1,649426261"",""12,05923359"",""-7,622313885"",""13,47354463"",""-8,337231125"",""3,671756318"",""-2,937493965"",""-8,121959326"",""9,166065698"",""-2,191657988"",FALSE"
"d222d28d-1115-4d65-af77-efcc635d99f8,""6,267088775"",""-4,227738028"",""7,227740803"",""10,06941813"",""-6,953870581"",""9,38477051"",""-15,34153811"",""6,718533216"",""-0,4509515619"",""-7,177585245"",""2,53871289"",""-3,550536167"",FALSE"
"9bc677c0-8bc6-42ec-8762-433e8eb8073f,""3,679129702"",""-5,759664623"",""0,8842406566"",""4,593626533"",""-10,78831051"",""7,381936094"",""-9,566687708"",""2,8304014"",""-1,532123877"",""-0,5509868559"",""4,421048305"",""-3,554567784"",FALSE"
"25ea7392-4b9b-42a6-a49e-30a47586bcae,""3,678968846"",""-3,427040641"",""1,652348652"",""10,47792156"",""-3,512239318"",""9,244004409"",""-11,70961161"",""5,706185943"",""0,4805462255"",""-7,986649763"",""3,461840039"",""-0,8976844847"",FALSE"
"737b0d27-e88b-456a-a257-58d38c872eb3,""5,342274308"",""-6,55693114"",""2,967670425"",""14,34873277"",""0,1780663122"",""9,9689713"",""-11,45828619"",""7,310797626"",""-0,6105399785"",""-9,096620341"",""6,342750192"",""-6,091090398"",FALSE"
"797556e8-3657-4afb-ae9d-e83300456e66,""1,649263227"",""-0,7008648942"",""-1,887409223"",""3,413833982"",""-6,86850365"",""10,7145676"",""-11,09469795"",""6,617318463"",""-0,4640027781"",""-2,199675473"",""3,412144332"",""-3,245269022"",FALSE"
"71f9547c-457a-4cab-9224-eedbbdf418e6,""7,597609511"",""-6,090543326"",""1,139394809"",""4,066776738"",""-10,11944727"",""10,73707873"",""-10,28935563"",""2,704530965"",""-1,934969634"",""-6,056620607"",""2,098567462"",""-5,415127323"",FALSE"
"1a6d24fd-262f-49a8-885a-8f44f20e9b09,""-1,798624956"",""-0,7492300475"",""-0,9768224939"",""11,37008054"",""-1,109260337"",""7,738946168"",""-9,915900593"",""4,704843398"",""-2,79258194"",""-4,472800086"",""4,009651183"",""-3,577405879"",FALSE"
"85210fbd-244c-4b89-9a79-f6b9edcaa773,""6,745619694"",""-7,225856181"",""6,204441638"",""9,433958381"",""-7,910076224"",""10,20428083"",""-8,566822163"",""8,70970176"",""-2,463776728"",""-8,770122448"",""5,428403914"",""-1,647347525"",FALSE"
"cd0b20c9-19cf-49d8-987a-50e4ee964db6,""6,360545183"",""-0,077513242"",""0,7269704063"",""8,233986089"",""-9,050965323"",""11,70043451"",""-7,767177006"",""4,399709703"",""-0,01315026555"",""-5,083522244"",""2,555931551"",""-6,796219536"",FALSE"
"e853185e-92f0-401f-b7dc-e8c914330be8,""2,419343385"",""-2,099892309"",""2,875509234"",""4,739944289"",""-6,689006474"",""10,3490852"",""-12,73891536"",""6,413138621"",""-0,5774574445"",""-4,680488685"",""4,17405375"",""-5,946643147"",FALSE"
"fe5a57a7-1d9d-4b33-886c-77de67bee76f,""2,233058836"",""-4,204661406"",""-0,9043148883"",""6,988613849"",""-3,918616306"",""8,643562952"",""-8,452479668"",""7,670504533"",""-3,743030472"",""-10,61970407"",""5,20456401"",""-2,044516719"",FALSE"
"086f879f-c5e3-4083-940a-19ce1c8fbba7,""11,26346666"",""-6,01798171"",""-0,7262618053"",""11,95980033"",""-5,667234776"",""12,31847465"",""-7,892121486"",""4,131174716"",""-0,6728022722"",""-9,215645009"",""4,770874408"",""-0,8225297365"",FALSE"
"b4419b9f-7f5e-478c-9563-b8edf52f1af0,""0,9875137947"",""-3,170346244"",""3,474724141"",""4,75823095"",""-8,815665239"",""10,65169994"",""-10,97691234"",""4,214003008"",""-2,457685997"",""-3,663845622"",""-1,045260672"",""-5,363230164"",FALSE"
"2465067b-b204-46dd-9e30-6f585d31923a,""1,16759207"",""-1,304318273"",""0,6392787496"",""5,765370095"",""-8,66779338"",""8,87433216"",""-11,6430342"",""3,693231936"",""-0,8787488016"",""-3,163780586"",""2,230835904"",""-0,5965418495"",FALSE"
"7604a100-f63a-46c9-a34a-8b4ffec45975,""7,071475633"",""-6,512899664"",""7,650799805"",""11,1507832"",""-7,657312341"",""12,48402056"",""-11,70977189"",""3,426596388"",""1,462715203"",""-2,812752734"",""0,8665377516"",""-5,24427382"",FALSE"
"15f2d90b-53ea-4a1f-a7b0-58bd66d898b0,""7,886810741"",""-2,592999134"",""0,2616545872"",""12,93212907"",""-4,108914898"",""11,81413378"",""-8,904041841"",""6,176519422"",""1,559731715"",""-7,812312531"",""4,317893024"",""-1,108532327"",FALSE"
"2c39608f-3e56-4e2a-b71a-35640368841f,""13,46616788"",""-5,783487271"",""0,6938889162"",""8,240251626"",""-8,625919346"",""14,28825398"",""-6,651368597"",""7,38766612"",""2,742086321"",""-5,090179884"",""4,722492993"",""-3,624782834"",FALSE"
"4a2a58dd-a12f-4150-9f29-3354c41f9293,""3,570870841"",""0,876038157"",""0,8611727647"",""3,566204488"",""-7,796933765"",""11,98397311"",""-11,11465348"",""6,245212861"",""-0,3039535854"",""-2,911860312"",""3,675607046"",""-5,105823632"",FALSE"
"0a36bf62-0ebc-45ac-9d78-644181cb6a7c,""8,787293072"",""-5,524666622"",""8,752215324"",""10,00128614"",""-8,810647032"",""11,89161903"",""-13,26549055"",""6,96857835"",""0,9030846134"",""-5,969508021"",""1,760507116"",""-6,101706311"",FALSE"
"3b78fc3f-f037-4a81-96c7-8a2f260abe64,""0,5475749309"",""-1,779380817"",""2,805631447"",""3,532427788"",""-9,348983444"",""9,281654235"",""-9,933611997"",""6,936922471"",""-1,430531539"",""-2,375791955"",""0,3560825759"",""-6,67672974"",FALSE"
"f485bc1a-b7f3-45c7-8109-4d543b51301e,""2,485102324"",""3,505118754"",""0,111237161"",""3,856722331"",""-5,933100623"",""10,88763884"",""-11,59068044"",""8,100160499"",""-0,2676771651"",""-5,33704241"",""3,799656889"",""-5,356913966"",FALSE"
"f2e666df-92fb-48cc-b9d6-931f52e8420d,""-1,270663171"",""-0,7816743339"",""1,673638212"",""7,571520364"",""-8,549877203"",""8,174395207"",""-10,89347817"",""5,119629832"",""-0,3243514329"",""-3,813391506"",""-0,611499207"",""-0,5602098849"",FALSE"
"0b62976f-9e7f-4e60-b1e3-a226e3820fbc,""-2,863910005"",""1,608425166"",""-1,575422733"",""4,480974395"",""-4,044909727"",""9,854652024"",""-12,43081029"",""7,228187955"",""-1,795628924"",""-1,801882817"",""3,681854164"",""-5,804928141"",FALSE"
"b7aa6dab-d20e-4796-8d00-12ae3ee47af7,""4,915523073"",""-1,235623768"",""0,5996224387"",""7,392183527"",""-6,940795568"",""12,20707142"",""-9,472305695"",""4,591875995"",""1,369664474"",""-4,563813643"",""2,402544741"",""-4,857424585"",FALSE"
"b01abaf5-c472-4f8f-a51b-4b48c2deffff,""11,9577639"",""-6,774199281"",""-1,317826199"",""11,19043618"",""-8,474790396"",""13,39176282"",""-7,793662819"",""0,7364886408"",""0,1923530357"",""-10,03668863"",""3,169703304"",""-2,255794083"",FALSE"
"ce894010-4f10-440c-a548-e12fcd54f9fb,""3,454142923"",""-4,830971809"",""4,353051388"",""7,154381708"",""-8,301257296"",""8,881973325"",""-10,55960314"",""8,779083691"",""0,003670312985"",""-2,225012058"",""1,268998864"",""-8,339259371"",FALSE"
"b65f30d5-2f2b-4aa9-8cbb-77520e203fc8,""7,077973162"",""-7,265477398"",""9,47413567"",""9,068400936"",""-8,417684082"",""12,10456876"",""-13,27293918"",""3,462327081"",""-1,225247144"",""-5,04044416"",""2,291653101"",""-5,847239467"",FALSE"
"6d38b169-82c7-467f-8da5-1f5d4c1f1e05,""11,58161055"",""-6,134168056"",""1,89972757"",""16,1789423"",""-6,151053805"",""14,73949397"",""-4,501308137"",""5,508022494"",""1,428051827"",""-6,123260617"",""4,645507053"",""-5,723536523"",FALSE"
"82ecb843-ba66-4afb-8d01-dd0ba9324c38,""6,868094472"",""-10,05147791"",""7,711083706"",""8,888669266"",""-5,472245926"",""14,50243234"",""-8,306207125"",""6,345902063"",""3,401149599"",""-2,480285664"",""3,915966411"",""-4,976985857"",FALSE"
"d0a0b32f-e455-4fd7-983e-a088f78aca00,""8,278839214"",""-3,544323815"",""0,04351336859"",""9,996121431"",""-6,328045347"",""10,04386527"",""-9,992877777"",""8,430683527"",""0,8937737789"",""-9,861162163"",""3,178046363"",""-4,69095449"",FALSE"
"27c912ea-8b5d-45b6-bc5f-b51f78c459d7,""4,520496592"",""-3,951545379"",""0,1959471606"",""9,196177962"",""-6,311477916"",""9,144795369"",""-8,80409051"",""4,879738365"",""-1,010504605"",""-2,976937243"",""3,927425828"",""-7,168147899"",FALSE"
"5604fe3e-0c0b-447d-9047-cea155ff3bc3,""10,80862135"",""-8,283689326"",""0,2006630977"",""11,33121715"",""-4,263601391"",""14,15612694"",""-12,00103568"",""2,592875806"",""-3,599760913"",""-2,112243202"",""7,452259216"",""-8,731784952"",FALSE"
"09ca7978-8a36-4b2b-b13f-a501ef88eefe,""4,427399598"",""-6,483515545"",""3,953777295"",""10,96843368"",""-6,401292952"",""10,25992267"",""-8,440395138"",""4,301173452"",""-0,1785978713"",""-2,875744985"",""1,006225735"",""-8,869338393"",FALSE"
"998bc7f1-f7d4-46e5-9ef2-c4b4fd171a41,""-1,591825307"",""3,147058957"",""-1,316760687"",""8,479270245"",""-3,232696814"",""11,2121371"",""-9,015926317"",""6,194511508"",""-2,031738812"",""-0,3704992189"",""5,243465159"",""-3,953737462"",FALSE"
"46408076-d20c-4b11-883b-0a035bd91d7b,""3,976945088"",""-3,000409288"",""0,03200050732"",""9,452656989"",""-8,132359497"",""10,15116235"",""-9,986733434"",""1,3556304"",""-0,3736296264"",""-3,752769327"",""1,376126866"",""-4,728709406"",FALSE"
"5f8522f8-ff9a-470e-b537-a3caae8d3e89,""4,796552231"",""-0,331375778"",""-1,99263709"",""8,255901856"",""-7,61888913"",""8,342143832"",""-7,300457669"",""3,412245527"",""-1,172922143"",""-0,8818447874"",""3,770866445"",""-4,281924838"",TRUE"
"f9728d6b-bba4-4694-b172-c4ff474dbdcb,""5,962641956"",""-3,28820137"",""0,4811167464"",""9,509572777"",""-3,757900662"",""11,4462106"",""-11,87428523"",""4,689610097"",""2,493880116"",""-5,100761336"",""4,6367324"",""-3,393695107"",TRUE"
"49021d3e-6bcf-4323-b63f-2e026d88f4a3,""6,32173083"",""-6,225945691"",""-0,04010446813"",""9,006132161"",""-5,856153437"",""10,69981425"",""-10,06155507"",""3,594437953"",""1,908955827"",""-4,184807053"",""3,413026941"",""-1,227930718"",TRUE"
"37973aa0-0036-4220-ac4e-3d7c12281cfc,""15,97077023"",""-3,5754665"",""5,972210333"",""10,52362103"",""-14,63755943"",""11,33698888"",""-7,009167062"",""2,934538738"",""4,789988851"",""-5,657656793"",""-2,587469599"",""-4,374333582"",TRUE"
"60af4406-9027-4fee-bddf-a69460680764,""13,16171479"",""-4,130186932"",""4,85401433"",""9,063329545"",""-15,14887702"",""8,619403263"",""-7,817270978"",""3,143746697"",""3,526085653"",""-5,321992091"",""-0,7022989585"",""-6,010888531"",TRUE"
"35280b5c-53dd-4fac-b974-3c99e9882c61,""8,362028098"",""-11,63856791"",""8,298673928"",""3,069835699"",""-10,65349253"",""11,53843748"",""-12,21294121"",""4,057471567"",""2,967134214"",""-4,070457119"",""-0,3823889702"",""-4,89073161"",TRUE"
"11d6dbea-2e82-422e-8bfd-34c765954d27,""11,29076696"",""-5,962044144"",""-0,8458484645"",""13,41226761"",""-6,565272402"",""9,048959072"",""-7,532025116"",""2,034172271"",""-1,998554849"",""-3,461881273"",""5,157268667"",""-2,566215668"",TRUE"
"63a7bcf0-cdb2-4cc9-8c19-89c3d217fec1,""10,07148421"",""3,570764804"",""0,1236226554"",""7,617806074"",""-11,42510692"",""7,93636556"",""-7,467998781"",""6,699050745"",""-0,4692368155"",""-0,1461780635"",""2,604335973"",""-8,589759094"",TRUE"
"7e5ea52e-933b-4111-85f0-71ed60fc66a2,""16,32356276"",""-7,222595542"",""0,1370421398"",""12,31690077"",""-7,351448323"",""10,07704142"",""-6,311999997"",""2,376125898"",""-2,728081259"",""-7,088510573"",""6,688716547"",""-5,114983587"",TRUE"
"39e4e218-b13d-4a99-8ef6-b8132042fdae,""3,364204618"",""-2,519140173"",""6,168871203"",""-2,394936833"",""1,203116858"",""8,144919987"",""-6,892177897"",""12,64716477"",""-10,7466292"",""4,975461005"",""0,357252533"",""-2,419968741"",TRUE"
"654c1256-6adc-41c1-993a-ce1043afa59f,""10,76396974"",""-4,428075672"",""1,99627685"",""11,18305197"",""-6,872395143"",""8,211241377"",""-9,762497287"",""6,586007488"",""-0,6643986263"",""-4,784872042"",""2,860154873"",""-13,02022541"",TRUE"
"daa0514f-967e-4881-8162-87dad4cb8657,""6,463955731"",""-1,124130583"",""-1,282801893"",""7,716523272"",""-9,225391535"",""11,51108592"",""-8,141280574"",""6,433629297"",""3,449317559"",""-3,499575602"",""5,721728561"",""-1,967410946"",TRUE"
"876a445a-e421-43ac-94b7-73349f2af472,""8,388546572"",""-12,2900293"",""10,62075575"",""3,5474045"",""-8,705811497"",""12,03349482"",""-13,42302848"",""3,889511797"",""2,049757224"",""-6,00471042"",""0,5578509516"",""-5,038838302"",TRUE"
"7ddc78b9-3148-4efc-9a70-95416314903a,""15,03732493"",""-7,53950282"",""8,282315291"",""-1,126427319"",""4,669080266"",""-0,4428811138"",""-5,053713186"",""3,77050158"",""-10,88894539"",""16,32645471"",""-8,97167204"",""3,666760855"",TRUE"
"6a491c7f-efda-49b9-919a-2b104de5e35a,""7,684192629"",""-7,162804883"",""2,720459707"",""7,488471539"",""-8,619517405"",""9,110788634"",""-9,630700162"",""5,577506494"",""-0,7089729423"",""-4,286375563"",""4,091320193"",""-6,395419551"",TRUE"
"7ba7692d-2dcf-4e93-aeb8-257dcb340b29,""4,10042557"",""-5,955527476"",""4,930803112"",""10,01550811"",""-5,519942968"",""11,82453167"",""-10,73964711"",""3,6143456"",""-0,4546333756"",""-4,408751575"",""5,142857365"",""-2,857503568"",TRUE"
"c72a71bd-6ad8-4f28-b80a-96145c2031c5,""7,883104108"",""-5,733750387"",""-1,929309064"",""10,53394592"",""-6,802570472"",""9,464656694"",""-11,13960311"",""2,954257811"",""3,882096229"",""-2,196871153"",""3,551975922"",""-2,493312168"",TRUE"
"5ac230eb-9008-4367-b07d-874b08f6088c,""11,7932391"",""-8,060648081"",""6,41978708"",""10,36921754"",""-6,002190378"",""16,56282812"",""-6,995932377"",""3,753901794"",""-0,6054340503"",""-6,807128636"",""-0,8030562509"",""-7,734698726"",TRUE"
"933b6c5e-cba2-4af2-80a9-8b96cd784124,""6,120900306"",""-4,859301246"",""8,130352779"",""12,93017577"",""-7,069041555"",""10,36687101"",""-11,49518022"",""6,84775308"",""-0,679472835"",""-8,262751147"",""3,871769329"",""-6,297462282"",TRUE"
"282a96a3-efd3-4f79-b9bf-f13c8be06542,""4,833420391"",""-7,23630608"",""3,527371104"",""8,185430104"",""-6,582588188"",""12,41935952"",""-9,918684969"",""3,350327076"",""-0,5032654272"",""-3,206886681"",""4,302778814"",""-2,804224322"",TRUE"
"4bd658d0-34f0-4565-9cec-ef9a075a9587,""1,385890522"",""-8,406979902"",""12,94465835"",""-7,741649486"",""7,308069345"",""-3,528963852"",""-4,384421751"",""3,091482274"",""-8,624363404"",""11,02760009"",""-7,660359598"",""3,715821287"",TRUE"
"f6c60746-4bd5-4822-b3e7-e4a33ae0be8d,""10,21179818"",""-3,943845563"",""8,627756561"",""-1,810769809"",""6,272929785"",""-2,832151242"",""-2,243885917"",""5,081705365"",""-9,300212343"",""13,63041586"",""-11,52847178"",""3,076839978"",TRUE"
"f2e28a74-e03b-47ba-a8a3-2766fa26e023,""8,83230972"",""-1,560250008"",""-0,779165146"",""5,791805982"",""-9,747723907"",""10,74127045"",""-7,475309418"",""7,081552346"",""-2,180105946"",""-4,058376571"",""4,30408814"",""-7,824542077"",TRUE"
"096e5c4d-8c39-4493-a956-01649a9384a9,""6,793244315"",""-9,525614204"",""2,866154648"",""9,553371599"",""-7,350891181"",""9,678304327"",""-12,86596616"",""2,128109269"",""1,810236408"",""-3,342538752"",""6,94625318"",""-2,801749918"",TRUE"
"d59b2c07-bdbd-4f57-8e7d-1d9ee2abd2fa,""-2,76571765"",""-5,550450925"",""4,391976934"",""-0,904437719"",""3,74290193"",""4,970763614"",""-5,68366282"",""9,759021264"",""-15,04918477"",""8,052727192"",""1,675089763"",""-4,807363971"",TRUE"
"4e95553c-1300-48c5-8121-cc4c6cca4a51,""7,712951332"",""-6,611719759"",""8,709022848"",""-1,734318299"",""0,6248512516"",""3,65953808"",""-4,622168822"",""4,30340712"",""-9,296031616"",""12,14030456"",""-8,007387666"",""2,530420554"",TRUE"
"8b3d7cd8-9007-4b05-b85b-78c1fde97c8c,""0,4618385148"",""-3,559212725"",""3,046807878"",""1,560465192"",""3,455716885"",""1,78085837"",""-7,27771044"",""9,897663544"",""-7,62842356"",""7,535854195"",""-1,499152162"",""-0,7044414299"",TRUE"
"21e477b7-03fb-420a-9b1b-726927bb7a93,""12,75253677"",""-6,343325134"",""3,338924099"",""5,83897689"",""-9,325726211"",""18,77754723"",""-9,383717083"",""-2,873862434"",""1,842178688"",""-2,385739626"",""0,6611389686"",""-3,30641689"",TRUE"
"98a76f78-70f3-4c91-bd3c-524c25534889,""10,91982799"",""1,439609242"",""-0,8772395128"",""7,649671999"",""-11,48899962"",""10,41598031"",""-5,17598184"",""3,969971052"",""-1,143526857"",""-3,125577093"",""4,958957508"",""-6,509467645"",TRUE"
"8595eb4a-414b-45f3-ac10-2295bff1be7f,""9,557785722"",""-6,166311073"",""1,611350878"",""5,228313892"",""-10,55189315"",""10,70153463"",""-9,773060502"",""6,775465329"",""-0,5480793942"",""-6,050147308"",""4,085027759"",""-5,539877883"",TRUE"
"a9eec834-097f-4602-8554-79667031e91f,""6,027467738"",""-4,932850514"",""15,63087581"",""-0,7416493481"",""5,298756308"",""1,032338018"",""-4,786869455"",""4,52925989"",""-6,493262297"",""10,27583714"",""-11,12120499"",""1,781394585"",TRUE"
"705e5056-1c46-422e-a8e6-3127487efce7,""9,807734556"",""-14,97296242"",""6,478847879"",""2,358279005"",""-10,33200583"",""11,81020584"",""-12,29681764"",""0,2320751333"",""0,2222827214"",""-4,010952365"",""1,933365001"",""-4,288196527"",TRUE"
"b8d1f98d-1228-4a06-bc29-b1897b4451c2,""-4,222358612"",""-0,8489433179"",""0,8673778703"",""1,456719753"",""3,055454598"",""2,638816581"",""-8,617596304"",""7,723480232"",""-7,16071836"",""5,695508298"",""-3,598921245"",""0,3906744409"",TRUE"
"48b99c79-cc29-436e-91b9-c97d9697a91e,""5,077563819"",""-5,482132991"",""0,3127141999"",""9,662787561"",""-6,881830152"",""10,85024777"",""-8,664003795"",""3,954594865"",""1,612046139"",""-3,166348553"",""3,555526378"",""-0,25075882"",TRUE"
"711fb463-ecac-41be-838a-18010b77dbd5,""7,043652896"",""-4,354383697"",""1,624723684"",""11,07512753"",""-8,160901082"",""9,670033716"",""-5,20494598"",""4,994840159"",""1,165409581"",""-0,6705488989"",""4,574027183"",""-2,458917263"",TRUE"
"2e44c562-fb22-4073-b675-ad25b6cedb1a,""1,098864335"",""-7,452423192"",""17,06648694"",""-7,314831277"",""7,912809122"",""0,38122418"",""-5,617393154"",""4,760421611"",""-6,236366608"",""7,896137842"",""-9,279833086"",""2,446148498"",TRUE"
"f71f00a6-ab52-4485-b467-2e050ffbefce,""7,023109276"",""-4,126655953"",""1,526364344"",""11,46345524"",""-6,599501444"",""8,824020529"",""-9,90976116"",""5,295494258"",""-0,3267337344"",""-3,447702816"",""3,317457627"",""-7,80656478"",TRUE"
"7901b54d-494f-4bf0-a9db-8c22992fbe48,""14,70428317"",""-10,26440795"",""2,741536808"",""11,50649301"",""-5,042977021"",""12,15118023"",""-14,24168391"",""1,275791663"",""0,09061408418"",""-5,473424782"",""3,490021449"",""-8,041960695"",TRUE"
"b61f90fd-64c6-4b06-973e-09fbb3732d03,""9,065633626"",""-3,886366141"",""1,053864919"",""9,345589261"",""-7,647566633"",""9,779673791"",""-10,96299314"",""3,989067987"",""-1,772583395"",""-3,88170719"",""1,586300516"",""-9,074712797"",TRUE"
"dca6451c-3625-4ca4-b318-f97ab450cfc3,""16,97116117"",""-2,618836247"",""4,123896247"",""11,80632627"",""-15,65659634"",""9,124604289"",""-8,593480293"",""2,874700175"",""3,303818342"",""-5,992392981"",""-2,606230727"",""-4,670100477"",TRUE"
"a63e0d10-dcbf-4ce4-bbbc-c7480e9e036a,""11,38051263"",""-8,202688627"",""2,029268299"",""4,254328624"",""-11,06252528"",""9,994484187"",""-11,83352261"",""5,144078826"",""-1,205391446"",""-4,791498067"",""6,244781332"",""-6,287342899"",TRUE"
"50d7eb11-d9b9-4f29-80e6-9d96b67c018c,""-4,036821261"",""-5,016739051"",""3,482331121"",""0,0619463717"",""2,803447212"",""5,909159649"",""-6,656032288"",""10,42675971"",""-8,527501112"",""7,813613015"",""-0,7459752484"",""-1,64669748"",TRUE"
"8e264f7c-d7c1-4321-a711-5ab3fce9527d,""14,9107845"",""-3,898909744"",""0,631659149"",""10,92597258"",""-6,840703925"",""12,94133764"",""-10,77774184"",""2,937486464"",""2,33092414"",""-7,24927794"",""-1,424110633"",""-6,15461039"",TRUE"
"5bc3681e-0c21-4fe5-b511-67f907fd239b,""4,149147969"",""-3,914144599"",""1,209079802"",""11,03640523"",""-6,531176766"",""10,9800045"",""-10,97578359"",""1,864847735"",""1,506165265"",""-1,506037401"",""-0,1454788065"",""-4,576489864"",TRUE"
"e7e78914-2245-4d4d-a014-886a18d06366,""-2,348122508"",""-5,417243258"",""1,102748998"",""6,572413134"",""-4,182181183"",""10,10358293"",""-11,46004209"",""6,123175526"",""-0,1525515012"",""-3,323147103"",""4,509384551"",""-1,180737873"",TRUE"
"f84e98c7-2423-429f-af5d-1e09bbd45845,""-3,723376705"",""-0,6459355506"",""3,07341818"",""6,02838108"",""2,291979613"",""-0,4484218864"",""-7,556692105"",""10,14969886"",""-7,713961"",""5,21097201"",""-4,408269095"",""-0,7482369264"",TRUE"
"23b87ec3-234f-4bbf-9aca-8b48865abeec,""15,10306939"",""-7,412873123"",""4,028927327"",""11,19904768"",""-2,839800112"",""18,49061787"",""-15,3656653"",""-1,087676876"",""4,430064028"",""-3,183099886"",""0,1983487287"",""-11,07332008"",TRUE"
"87d086c9-f71c-4524-bc92-54feb82aed26,""8,069892066"",""-2,808265958"",""-2,765567397"",""8,531398765"",""-7,521643294"",""9,430720317"",""-8,172274581"",""4,477559555"",""1,791541209"",""-3,922345205"",""3,440594739"",""-2,014423595"",TRUE"
"3e3a4e93-55e6-4d30-90d2-7e25d4ae250f,""3,247824897"",""-6,097155204"",""5,287363522"",""4,740557725"",""-6,039363994"",""10,83782611"",""-10,1164777"",""6,592682776"",""0,4159564406"",""-2,41889056"",""2,794320114"",""-6,93641068"",TRUE"
"b52fadd7-1170-4428-bcbe-75c8e95e3a24,""3,548871445"",""-0,5098417065"",""3,152710726"",""8,598209024"",""-8,659208604"",""9,414464092"",""-8,755968762"",""4,648708995"",""1,336221708"",""-2,813602012"",""1,157400425"",""-5,071265965"",TRUE"
"495fd293-4a41-4a04-b2bc-0bee4813fc60,""14,93381223"",""-3,827265188"",""1,300464252"",""8,764476106"",""-12,18266198"",""11,17719657"",""-7,610695517"",""2,252699423"",""1,236896968"",""-6,273333176"",""0,2889016993"",""-6,150861394"",TRUE"
"0ddf0c26-d362-4667-999b-b2c7f1e75d46,""0,2996163924"",""0,3248440988"",""3,299918827"",""2,044039772"",""3,634827729"",""6,693839825"",""-5,676224255"",""12,00051789"",""-11,91290142"",""4,664405677"",""1,197789393"",""-2,230275079"",TRUE"
"ef2e1c5e-a11c-42d3-a553-f42aac8df9dc,""4,442421243"",""-5,35881147"",""14,32858557"",""-4,318171189"",""4,421673789"",""-0,8734978977"",""-2,479644818"",""4,965818795"",""-7,978921615"",""10,28588425"",""-9,334661219"",""2,826479868"",TRUE"
"d7492cd0-2573-44f8-9ad1-b48606b9919d,""5,91106022"",""-5,822324368"",""2,621756548"",""6,061832374"",""-6,929230156"",""11,7073658"",""-12,22867593"",""3,920200754"",""-3,528176011"",""-6,458097857"",""4,673452016"",""-6,254987561"",TRUE"
"7047e2d9-c99d-4791-83fc-53e762bdf06b,""6,795298692"",""-6,0251558"",""1,902296997"",""8,449815887"",""-7,509444252"",""12,42664788"",""-8,441434022"",""3,220505434"",""1,491267981"",""-4,457655091"",""2,181343218"",""-1,669451855"",TRUE"
"f9746d25-8574-46c6-b72d-4de5602ca653,""0,04085460175"",""0,3168182707"",""0,2509992367"",""3,472232495"",""5,735025561"",""7,747357125"",""-8,68986263"",""9,950113595"",""-9,66825604"",""8,327593526"",""1,048889497"",""-4,548653512"",TRUE"
"fafd0c9b-d8ea-498f-91fd-f06f31250bc9,""7,070419845"",""-4,252512338"",""-0,8480993245"",""8,595417922"",""-7,985975355"",""8,652675498"",""-9,532364639"",""3,938594688"",""0,2455126177"",""-1,967759412"",""2,934033549"",""-4,80699336"",TRUE"
"4f49f712-ac4a-4ea9-b56f-509a7c0eb1eb,""11,42131552"",""-12,41991721"",""0,8953735047"",""10,26499311"",""-9,316337809"",""9,791476942"",""-10,08032321"",""2,442446662"",""3,980789118"",""-2,95991265"",""2,682486972"",""-5,353158678"",TRUE"
"d17aee62-017a-4cd6-a72c-105ef54cceff,""5,178245481"",""-5,04940136"",""5,980721109"",""10,56253089"",""-8,000219587"",""10,34058427"",""-11,53076578"",""5,072530498"",""2,297953568"",""-2,365442861"",""4,622242335"",""-5,539079752"",TRUE"
"2f54f9ba-5a03-4111-a5ac-21da5adb3284,""1,876145891"",""-4,790967829"",""7,706084534"",""3,479157919"",""4,455274133"",""2,3522196"",""-7,040896334"",""8,803352181"",""-7,426813301"",""6,982097922"",""-3,748971416"",""0,2290698478"",TRUE"
"addb57e1-f054-4aec-ab3c-01241f47bd28,""2,716550855"",""1,924690575"",""-0,82381935"",""7,053832584"",""-8,095600674"",""9,130185561"",""-8,618479032"",""6,624026242"",""-0,3584587505"",""-3,00265489"",""3,008223545"",""-2,971276876"",TRUE"
"740ccf7c-b57e-4e58-92f0-89d43df68d38,""4,411311546"",""-4,159094498"",""3,627342737"",""4,959756841"",""-6,732682868"",""15,70089778"",""-12,48850086"",""5,405433277"",""1,520208341"",""-3,273030845"",""5,759186657"",""-1,036108203"",TRUE"
"8e5966ef-03d9-4883-ad9d-d561fa317bb3,""9,065255856"",""-8,71688519"",""10,0983115"",""-2,814376609"",""1,830932273"",""-3,162138591"",""-0,4240330548"",""4,340380597"",""-15,51097375"",""12,84612993"",""-7,789763651"",""5,2594295"",TRUE"
"d3e09684-17a6-476b-9144-125ac891f50b,""9,530157567"",""-4,897613617"",""-3,150075674"",""7,804680204"",""-7,482346652"",""12,05788376"",""-8,698942572"",""0,8830588078"",""0,8391504115"",""-3,666771546"",""5,657902953"",""-1,770537178"",TRUE"
"2c527e7c-434d-4255-be69-ae48ccd11fd3,""0,5638121928"",""-3,280834431"",""1,989954851"",""6,174795282"",""-7,298775095"",""11,19794247"",""-8,340236198"",""4,356870495"",""-0,3562522388"",""-1,164701137"",""3,540124387"",""-2,501448311"",TRUE"
"7ddf57b3-d47f-4498-92e1-35f60dd314fb,""3,361291032"",""-6,515763936"",""4,054172148"",""4,792375178"",""-9,600579749"",""11,43266382"",""-8,604160219"",""4,337345291"",""-0,7547915355"",""-4,43978042"",""5,117178665"",""0,2362263574"",TRUE"
"a7836bfc-c1e9-431d-a7bc-9b364f685214,""3,801364982"",""-5,494963291"",""1,630000075"",""9,930053834"",""-6,189098625"",""12,13861478"",""-9,32371567"",""3,84707329"",""0,7799926964"",""-3,529833845"",""2,279552668"",""-2,519330832"",TRUE"
"b035b5b7-8311-4cfc-b46f-69e522ad9e09,""11,30558893"",""-11,89757734"",""3,380567246"",""2,953819825"",""-10,00751998"",""13,73318217"",""-11,17256963"",""3,159663599"",""-0,4562635955"",""-3,667277207"",""5,023681866"",""-4,705593317"",TRUE"
"79dd3b34-1f81-4afa-b1af-417888805591,""3,118492547"",""-5,860388982"",""5,609536236"",""-0,9856673607"",""4,474272969"",""6,939053688"",""-6,61570021"",""10,88476761"",""-13,16036806"",""7,965534781"",""-0,4921509821"",""-3,710712189"",TRUE"
"b1dccf8c-3a3f-4034-a754-1c1f15ff14b6,""3,386937631"",""-3,624867067"",""2,844742864"",""7,858070265"",""-5,491475108"",""9,556284487"",""-11,20621773"",""3,797095683"",""-0,4257203668"",""-0,3778995468"",""4,158883364"",""-5,372139103"",TRUE"
"9e934e04-be00-428d-ae85-224c57680a23,""14,61680624"",""-8,417434027"",""3,79658045"",""10,88457169"",""-9,830611021"",""12,01949503"",""-10,38291797"",""1,381595945"",""1,672178415"",""-6,745244268"",""1,821343466"",""-7,726161126"",TRUE"
"ffa80f7e-2ec6-4f0f-a5fc-fb1c972dbde8,""-0,7347966303"",""-0,7306185604"",""3,095804983"",""0,8900563933"",""4,479836209"",""3,463392729"",""-6,285193779"",""8,067363213"",""-6,918248901"",""8,27135914"",""-2,308865045"",""-0,2059697293"",TRUE"
"9b78df1d-ea20-4814-8063-2183cd48fcad,""3,627142835"",""-2,128628559"",""3,761608243"",""10,18337085"",""-7,404461121"",""10,50044484"",""-11,75054974"",""5,921767307"",""0,6046299043"",""-3,865956541"",""3,85404339"",""-4,151059701"",TRUE"
"1f8c9ed8-629a-4d4d-ae53-608a4a84760d,""-1,867459277"",""-1,074201182"",""3,929807114"",""-0,3918297704"",""4,025664701"",""4,292095713"",""-6,195455455"",""8,379679363"",""-6,295976324"",""8,136432604"",""-1,773474585"",""-0,1452905978"",TRUE"
"b8b253da-8a81-483e-8de2-682d597f0e50,""5,957769424"",""-3,266849994"",""2,724708706"",""12,45911677"",""-7,911121049"",""8,423608943"",""-9,145672168"",""2,389583816"",""0,132817537"",""-0,9990434498"",""2,907067055"",""-5,476550617"",TRUE"
"063bb10a-7116-499a-8053-b4aa34740c34,""9,793648088"",""-7,367836075"",""2,719999186"",""4,700873906"",""-7,121494515"",""10,788888"",""-12,87440791"",""4,67531383"",""-2,013391091"",""-3,815282834"",""4,410063437"",""-9,620562044"",TRUE"
"d7d9eb37-90a0-46de-9921-97f4c01169fe,""9,129808407"",""-12,40536862"",""3,325749416"",""7,323632718"",""-9,109755362"",""9,821983776"",""-9,596763026"",""3,263239313"",""3,363116236"",""-2,209721022"",""2,216323566"",""-4,727783462"",TRUE"
"67433301-a12d-406a-a435-5b95cd50c49b,""2,63068835"",""-4,173402301"",""4,964595599"",""2,066042839"",""5,918202861"",""1,307291935"",""-6,145109285"",""7,913219911"",""-7,545151826"",""8,658533949"",""-4,105248875"",""1,472634003"",TRUE"
"7446ac4f-8773-428f-8ff8-5a8a8c1cc9bf,""12,57055743"",""-12,04236071"",""1,069437817"",""8,339896655"",""-8,707852878"",""8,936830534"",""-12,41698978"",""4,021825202"",""2,098533421"",""-3,051761671"",""5,820740015"",""-4,272897594"",TRUE"
"d8c8d8d7-4937-45ab-a774-58aa14c13faa,""0,5048133667"",""-2,257810351"",""4,416170499"",""2,739469769"",""3,472954046"",""4,329427755"",""-6,965270059"",""9,892016646"",""-7,292237798"",""8,078870418"",""-1,341999141"",""-2,143804017"",TRUE"
"3463e39e-076f-4d8e-8cc6-13044333a438,""13,87021043"",""-8,639045055"",""2,75093128"",""14,28185662"",""-6,774120078"",""10,01786884"",""-6,130686046"",""3,588360726"",""-0,9238783404"",""-5,498327754"",""6,260380447"",""-2,781181536"",TRUE"
"9d515bb5-19f5-4e28-8c09-b1300663622b,""14,47803011"",""-8,228037272"",""-1,105262975"",""14,71706218"",""-7,90114569"",""8,726280026"",""-5,022352853"",""3,48216744"",""1,345324204"",""-4,196893401"",""7,340455106"",""-2,286238117"",TRUE"
"d58c098a-16af-4f7f-804c-d04342e947ae,""0,4588474122"",""-0,6252234695"",""5,496352437"",""2,702550995"",""4,72656039"",""5,724105382"",""-5,982080026"",""12,06219839"",""-11,02811472"",""9,934408291"",""0,798224094"",""-5,117655128"",TRUE"
"5a8f0193-c4c8-47e1-b469-7dea1f955c2a,""0,9111332236"",""-1,559605879"",""5,312830897"",""10,84330191"",""-6,349266451"",""11,69305999"",""-10,4622611"",""6,839845334"",""-0,4745646051"",""-4,587664106"",""2,214454881"",""-5,773565045"",TRUE"
"bf68a322-7bab-482c-bd4f-e3f813f49170,""11,76910387"",""0,4322731618"",""-1,193304281"",""6,320129833"",""-11,1914784"",""8,961999306"",""-8,16986854"",""5,480721347"",""-0,7137858883"",""0,4276570403"",""4,848265874"",""-5,974264219"",TRUE"
"f6da404a-d25f-4306-8398-133f099e1cbe,""2,542444485"",""-6,65370519"",""7,42764596"",""4,587580566"",""7,471645785"",""3,951850811"",""-5,51646916"",""13,84608276"",""-14,84292514"",""9,292236129"",""0,002088598551"",""-7,054687655"",TRUE"
"a4b2f73b-95aa-47ed-8306-a93f8cf8f6c5,""10,76360623"",""-11,58151997"",""7,967727437"",""11,88192173"",""-7,513238602"",""10,86144445"",""-11,76420159"",""5,862978381"",""-0,1413784421"",""-5,868718804"",""1,48230364"",""-11,02909214"",TRUE"
"1a3fa510-6392-48af-a69d-c3402bfaf322,""4,868832643"",""-8,847209049"",""11,77368016"",""-1,452418649"",""4,217890862"",""2,711291114"",""-4,625952039"",""4,495376864"",""-5,800152224"",""10,16761445"",""-7,69315474"",""3,028161372"",TRUE"
"52803206-6209-4574-abaa-1d03341aeada,""9,322440379"",""-6,613468641"",""15,54593679"",""-0,6920657394"",""1,894247459"",""-1,774043915"",""-3,179173294"",""4,184236449"",""-7,829252244"",""10,86265464"",""-13,66410397"",""3,627803415"",TRUE"
"178be7a5-3b91-4b1a-bea1-74763fbd13cd,""4,234607283"",""-8,9501883"",""14,47287623"",""-2,537080536"",""5,753153678"",""1,054263184"",""-4,773471903"",""4,736705356"",""-9,211986857"",""12,5568509"",""-6,749499318"",""0,7278700156"",TRUE"
"03cce7c1-7a09-4799-a8ed-a726397e3b5d,""15,3813901"",""-6,816802238"",""2,794832099"",""11,07627047"",""-4,637388951"",""17,31636673"",""-8,748529736"",""-0,05145652749"",""0,5463504277"",""-5,405939988"",""1,740086732"",""-6,348365548"",TRUE"
"94230564-30d0-4c7d-849b-ce9d746a583c,""10,83557919"",""-8,535519202"",""4,695709915"",""2,548936001"",""-8,383452732"",""12,02441365"",""-12,78163962"",""10,0786674"",""-1,23248247"",""-3,627448393"",""5,474346108"",""-8,957588173"",TRUE"
"c2db8be1-9521-4b67-b9f7-1407a58d5006,""1,912511914"",""-0,3338957563"",""3,17184575"",""0,552984345"",""6,901834907"",""1,857227513"",""-6,925860683"",""10,0734557"",""-5,680432313"",""5,900634118"",""-6,542835247"",""-0,3481270115"",TRUE"
"0a98a356-1a35-4be0-9b97-1282f3d1b03b,""3,681924216"",""-0,2806190887"",""-1,417688763"",""5,975279712"",""-6,946810795"",""11,70415858"",""-8,417539079"",""5,178601296"",""1,747783712"",""-1,512083451"",""4,126741436"",""-0,3340099878"",TRUE"
"baf0b23d-a87f-4600-a3e4-f746972c1707,""13,48144211"",""-12,284601"",""3,146706296"",""13,42255018"",""-6,193091419"",""8,689716984"",""-8,856468109"",""1,483225775"",""-0,3659431953"",""-4,270218576"",""7,801054076"",""-2,859277792"",TRUE"
"df296878-570e-4bc5-9939-89bf44c89d42,""13,12666476"",""-1,172026078"",""0,1270944037"",""11,91670431"",""-6,174788005"",""17,24734544"",""-6,471181791"",""1,51460366"",""3,031349304"",""-2,826159797"",""1,264951014"",""-7,100501503"",TRUE"
"4ddc170a-aebc-45c9-a4ea-a73c66aad6df,""-3,177167031"",""-1,122591703"",""2,918192844"",""-1,49761765"",""1,905646941"",""3,296534935"",""-6,24004318"",""9,155539219"",""-6,230489123"",""6,524968655"",""-0,9299613423"",""0,8093315093"",TRUE"
"733e944b-6dba-44c0-91c2-0e19ca74b286,""-0,2677379488"",""-1,078652852"",""-0,8784670045"",""7,609878262"",""-4,434309157"",""10,83645876"",""-10,23368913"",""5,116686953"",""1,721352818"",""-3,045658614"",""4,05075596"",""0,564468495"",TRUE"
"e3b836ea-9d57-4977-aea5-93f2737ecc79,""14,15049555"",""-6,111149167"",""2,572498178"",""6,868033168"",""-9,94852374"",""15,24884062"",""-9,482123375"",""-0,05227114337"",""1,781102667"",""-3,811021255"",""1,619117977"",""-3,637455927"",TRUE"
"5d305035-4a43-41fe-a98e-397fcb955408,""3,152068603"",""-3,448970762"",""7,461997041"",""11,20977007"",""-7,580996507"",""8,749811233"",""-11,00192282"",""6,495053357"",""-3,035202401"",""-5,305541665"",""5,35193786"",""-2,782707982"",TRUE"
"b6d42a7f-fa53-45c6-9d9d-a2a23a8ed90e,""3,301744928"",""-2,014822598"",""2,7773881"",""9,45735969"",""-6,692003159"",""13,36650681"",""-9,186021113"",""4,477408479"",""-0,04550854618"",""-1,460349261"",""3,566679465"",""-3,122180052"",TRUE"
"6210dd6a-27f8-4e5e-91e8-e34d80e31389,""-2,094001266"",""-1,073112927"",""1,217397467"",""-0,5507900652"",""2,666547167"",""7,44994176"",""-6,418064299"",""10,90709782"",""-11,13432263"",""6,728373134"",""2,461445878"",""-0,02611342812"",TRUE"
"40eefe6a-5c39-4872-9493-f17c8812b46c,""6,544438743"",""-6,646349968"",""1,868136752"",""8,935970781"",""-5,108391646"",""10,82332238"",""-13,52546673"",""4,38345696"",""0,9908763879"",""-5,255701544"",""5,238532388"",""-1,454356757"",TRUE"
"8dcc2136-6ee3-4330-a426-e7d084e2a0b4,""4,098087061"",""-4,986877733"",""-2,034752472"",""7,484954942"",""-5,910775532"",""11,70767755"",""-11,59973882"",""2,187900837"",""2,012870316"",""-2,444596982"",""5,07404796"",""-1,293022073"",TRUE"
"23cdb567-c408-42f5-bf3b-db82293c6ccf,""12,7074806"",""-8,669480117"",""2,94120893"",""13,44592355"",""-8,70687559"",""11,07162313"",""-9,329932599"",""0,6164757968"",""1,208040002"",""-4,445256607"",""0,153616775"",""-5,380385385"",TRUE"
"e3b7b74d-03e1-4f80-ace6-d48107342f76,""6,004364006"",""-9,251345069"",""14,31282875"",""-8,844231382"",""6,096830514"",""-2,042839019"",""-4,769322205"",""2,417276207"",""-8,877333557"",""11,54859502"",""-7,749413289"",""4,0434964"",TRUE"
"d270fb90-cdd6-4451-92e7-8eed12e8c7d9,""-0,5252725014"",""-3,86833796"",""3,548303779"",""1,496249034"",""3,490753275"",""5,849886689"",""-7,747026864"",""9,738836077"",""-11,75454341"",""7,129909315"",""0,2099467889"",""-1,946914256"",TRUE"
"7a59ca66-ab37-4315-a184-90a72a2fbf29,""4,954205754"",""-4,323565303"",""9,123976463"",""9,922291767"",""-7,913706162"",""9,527459855"",""-10,97453399"",""4,868014855"",""-0,5797468309"",""-5,630114473"",""2,328681966"",""-7,948971184"",TRUE"
"e97bdbba-f081-4355-8288-fb0816a9c584,""6,885858442"",""-6,013772518"",""2,874426504"",""6,301927324"",""-7,782887812"",""8,991447689"",""-12,08713911"",""4,216515165"",""0,407290323"",""-0,9503901174"",""4,872686511"",""-6,666291695"",TRUE"
"9ebf9cc3-9da3-4bd4-9ed9-6944fe2d18a2,""7,631137391"",""-4,502369615"",""2,20751548"",""8,703949892"",""-6,727108784"",""12,24573844"",""-12,09887487"",""2,368179298"",""-0,189055927"",""-0,76676341"",""5,56179726"",""-7,510297943"",TRUE"
"270446d2-fce7-4720-ba3e-06076bb12877,""-0,4196430806"",""1,996736761"",""0,2287724148"",""-1,067419874"",""2,04717993"",""1,922359162"",""-5,937325241"",""6,945287667"",""-9,765117445"",""7,552413918"",""-3,122809408"",""-1,647257911"",TRUE"
"e445c1b2-a03d-41cc-9f93-3f04f664c96e,""0,2500450474"",""-1,559825446"",""1,100979773"",""7,84218704"",""-6,543215014"",""8,645897148"",""-11,12085956"",""4,831461531"",""0,04153350794"",""0,07653184059"",""2,908752962"",""-4,010994186"",TRUE"
"7da62f91-d899-4980-a250-16daf272de03,""2,329492333"",""-1,675045049"",""2,995686043"",""-1,093833613"",""0,9483673709"",""1,991725569"",""-5,951848535"",""10,22143859"",""-9,544562731"",""6,760470298"",""1,275028736"",""1,768403651"",TRUE"
"81e057ad-8288-4edc-9c3f-2ca4a5460127,""3,214254297"",""-3,135152223"",""1,122691276"",""4,712443987"",""5,926517615"",""6,91556578"",""-5,799726521"",""10,85853202"",""-11,65984469"",""10,60573412"",""0,3494820993"",""-5,983280893"",TRUE"
"04e8271b-2d3e-4cd5-a322-99b5898169b4,""11,45645775"",""-7,678119929"",""0,379508082"",""3,893406179"",""-8,201493673"",""13,55736856"",""-12,01452684"",""1,418245916"",""-0,3899703258"",""-4,277936943"",""6,013501564"",""-1,847768276"",TRUE"
"4e01b251-0f4d-4b19-a3c8-578e196d1655,""12,3936151"",""-1,629321363"",""1,030435629"",""13,81429204"",""-13,53876736"",""5,814916753"",""-5,055263988"",""5,678109732"",""0,795077888"",""-3,778277815"",""5,177989601"",""-2,10712115"",TRUE"
"569c5856-cb22-453a-bd28-148ccccf7e63,""3,73760041"",""-4,235070528"",""3,005005577"",""12,64434501"",""-4,022658525"",""10,38864496"",""-11,4427651"",""7,087866693"",""4,086640457"",""-5,45287636"",""4,11611762"",""-2,884725539"",TRUE"
"4531a6aa-b661-477f-94ff-b542535cd770,""9,220340662"",""0,6665972132"",""-0,6059096149"",""3,76863963"",""-10,68272128"",""11,17041733"",""-7,008735506"",""7,770188253"",""-1,872768493"",""-3,419988761"",""2,900203438"",""-8,461437687"",TRUE"
"f21d9501-e35d-499e-a0e5-293cddf1cd6b,""1,232130853"",""-7,880853449"",""4,711392608"",""2,748394701"",""1,919381115"",""4,201416045"",""-8,153900743"",""13,3606286"",""-8,516980001"",""6,116966617"",""0,6653954516"",""-2,757250639"",TRUE"
"0a0ed9fa-2e64-4d13-925a-19a14e663287,""-2,285886402"",""-6,072985227"",""4,000781882"",""-0,4572509502"",""2,277981231"",""2,285331465"",""-7,506951893"",""10,24398276"",""-6,959334219"",""5,646808619"",""-1,419722906"",""1,682864893"",TRUE"
"06b6be43-a90a-4018-a283-6b96d9e3d406,""13,46570851"",""-9,0413815"",""0,561668324"",""9,673929494"",""-9,148774469"",""10,43245696"",""-6,810899659"",""4,224479893"",""0,5848945491"",""-2,977918123"",""6,73831407"",""-2,508522247"",TRUE"
"1b4df033-e1b8-49b8-9813-3258f5a39755,""5,682996226"",""-2,748667119"",""3,64096168"",""12,23630896"",""-6,705446525"",""11,99963398"",""-11,5944571"",""4,881365738"",""3,413205634"",""-3,139897478"",""3,888168633"",""-2,50824534"",TRUE"
"78978528-2c5f-4809-9251-a61b1c849ca9,""13,2538366"",""-2,465802756"",""5,952470608"",""6,527350053"",""-8,019856324"",""16,38796832"",""-10,18908092"",""-0,2029509838"",""3,75336546"",""-0,486059069"",""-0,3823934263"",""-6,742271572"",TRUE"
"daa134cb-1d13-422a-ad05-d639d551efba,""16,66587452"",""-4,76144404"",""0,034878914"",""8,791058781"",""-8,973375916"",""15,52538547"",""-8,908440338"",""0,08002457199"",""2,065169538"",""-4,913032241"",""0,1772895252"",""-7,324994139"",TRUE"
"992122fb-12f2-40f6-8027-a9bf2d94e4ce,""2,806915155"",""-3,639326927"",""-0,8070132313"",""5,221412733"",""-6,073471517"",""11,79579265"",""-9,622098404"",""4,336653151"",""-0,6090848957"",""-2,791867021"",""6,749551856"",""-2,507010323"",TRUE"
"29cf291a-8ee3-48d7-b385-c08a574c9246,""-3,428464391"",""0,4985857704"",""2,927500012"",""-1,744326606"",""5,41241283"",""4,533948353"",""-7,290035199"",""9,005949799"",""-7,488951145"",""6,693622821"",""0,135648075"",""-1,029959418"",TRUE"
"b6420d79-902d-4260-b9e0-f65de2a0dfde,""-3,390576769"",""-2,429273538"",""4,178026466"",""-5,013314672"",""4,753485652"",""2,70238691"",""-4,941421841"",""7,410936503"",""-8,134860331"",""6,092193587"",""-1,946706101"",""2,146878419"",TRUE"
"d4b5cf9b-e466-46cf-be5d-ec22c21ee146,""17,74985098"",""-1,444052448"",""-3,780587303"",""13,91777014"",""-9,02286493"",""11,2771076"",""-2,3215991"",""4,535615012"",""-1,412580546"",""-4,49529822"",""7,199019933"",""-5,059582194"",TRUE"
"5f4b4370-83ec-4338-b07f-1f881e99e563,""3,362899607"",""-5,27976425"",""7,357451329"",""8,326915222"",""-6,115167565"",""10,32796875"",""-10,43407892"",""6,536560673"",""-0,4127170511"",""-4,929815235"",""3,849204825"",""-4,384082056"",TRUE"
"8b7fec16-0a23-4971-b122-0b4ae4cb24e8,""11,88534693"",""-6,609936662"",""-1,644534832"",""15,12757826"",""-5,315169966"",""9,221284629"",""-8,421260753"",""1,571157408"",""0,6413656064"",""-3,271408462"",""7,051251476"",""-3,250686703"",TRUE"
"31c27e6e-45a6-4e43-94a1-0ab030c17c93,""9,991757538"",""-0,3328127867"",""1,405033104"",""10,35098649"",""-11,01935174"",""10,22729762"",""-6,442390374"",""5,233101107"",""-2,447897224"",""-3,396777004"",""4,783001133"",""-5,662301902"",TRUE"
"71b4b984-30a5-4299-a5cb-60ccae761838,""7,549769813"",""-4,374661944"",""11,80565554"",""-0,8957328529"",""6,122939924"",""2,185416525"",""-5,053557617"",""3,999358608"",""-7,92804629"",""10,46621475"",""-9,026239892"",""1,166637041"",TRUE"
"c47c5f2f-2f0f-4485-abdb-c4ab1ae2b614,""14,96485915"",""-5,828171159"",""5,329212878"",""12,83360621"",""-6,004664686"",""18,70404645"",""-10,29393907"",""-1,194660392"",""3,262151174"",""-6,752517374"",""-2,928032436"",""-9,942209308"",TRUE"
"b7c82d1d-5912-489d-ac37-c3aa348390f9,""0,9399429502"",""-2,025316391"",""0,09383563805"",""5,689808246"",""-6,982759867"",""11,12777799"",""-10,90895675"",""6,091330703"",""1,196968691"",""-4,563740283"",""3,916805164"",""-2,11356244"",TRUE"
"9682b806-11fd-4c7a-9bfb-f40171cb22d7,""-0,1308778861"",""-5,119883978"",""2,700031305"",""3,990848503"",""-6,986450213"",""12,11801043"",""-8,96099293"",""5,990440469"",""-1,587042361"",""-1,788888448"",""6,127705592"",""0,09734366563"",TRUE"
"9f5345c0-aaa4-4498-96c1-6fa1e1c6e641,""5,22607178"",""-6,511313629"",""12,65716937"",""-2,558774591"",""4,43780503"",""1,283775519"",""-3,420023455"",""3,142726291"",""-8,380774475"",""12,87290366"",""-6,217580067"",""3,812828223"",TRUE"
"37175da0-0bc3-457b-8dcc-af7ccad8d3f6,""4,799053752"",""-6,245275379"",""6,898824956"",""6,102543144"",""-7,057811121"",""14,11224758"",""-11,00944711"",""3,134385013"",""-0,6299330637"",""-2,914972863"",""2,712781489"",""-5,739361875"",TRUE"
